{"__kind__": "instance", "args": [], "class": "gluonts.transform._base.Chain", "kwargs": {"trans": [{"__kind__": "instance", "args": [], "class": "gluonts.transform.field.RemoveFields", "kwargs": {"field_names": ["feat_dynamic_cat", "feat_static_real"]}}, {"__kind__": "instance", "args": [], "class": "gluonts.transform.field.SetField", "kwargs": {"output_field": "feat_static_cat", "value": [0.0]}}, {"__kind__": "instance", "args": [], "class": "gluonts.transform.field.SetField", "kwargs": {"output_field": "feat_static_real", "value": [0.0]}}, {"__kind__": "instance", "args": [], "class": "gluonts.transform.convert.AsNumpyArray", "kwargs": {"dtype": {"__kind__": "type", "class": "numpy.float32"}, "expected_ndim": 1, "field": "feat_static_cat"}}, {"__kind__": "instance", "args": [], "class": "gluonts.transform.convert.AsNumpyArray", "kwargs": {"dtype": {"__kind__": "type", "class": "numpy.float32"}, "expected_ndim": 1, "field": "feat_static_real"}}, {"__kind__": "instance", "args": [], "class": "gluonts.transform.convert.AsNumpyArray", "kwargs": {"dtype": {"__kind__": "type", "class": "numpy.float32"}, "expected_ndim": 1, "field": "target"}}, {"__kind__": "instance", "args": [], "class": "gluonts.transform.feature.AddObservedValuesIndicator", "kwargs": {"dtype": {"__kind__": "type", "class": "numpy.float32"}, "imputation_method": {"__kind__": "instance", "args": [], "class": "gluonts.transform.feature.DummyValueImputation", "kwargs": {"dummy_value": 0.0}}, "output_field": "observed_values", "target_field": "target"}}, {"__kind__": "instance", "args": [], "class": "gluonts.transform.feature.AddTimeFeatures", "kwargs": {"output_field": "time_feat", "pred_length": 96, "start_field": "start", "target_field": "target", "time_features": [{"__kind__": "instance", "args": [], "class": "gluonts.time_feature._base.MinuteOfHour", "kwargs": {"normalized": true}}, {"__kind__": "instance", "args": [], "class": "gluonts.time_feature._base.HourOfDay", "kwargs": {"normalized": true}}, {"__kind__": "instance", "args": [], "class": "gluonts.time_feature._base.DayOfWeek", "kwargs": {"normalized": true}}, {"__kind__": "instance", "args": [], "class": "gluonts.time_feature._base.DayOfMonth", "kwargs": {"normalized": true}}, {"__kind__": "instance", "args": [], "class": "gluonts.time_feature._base.DayOfYear", "kwargs": {"normalized": true}}]}}, {"__kind__": "instance", "args": [], "class": "gluonts.transform.feature.AddAgeFeature", "kwargs": {"dtype": {"__kind__": "type", "class": "numpy.float32"}, "log_scale": true, "output_field": "feat_dynamic_age", "pred_length": 96, "target_field": "target"}}, {"__kind__": "instance", "args": [], "class": "gluonts.transform.convert.VstackFeatures", "kwargs": {"drop_inputs": true, "h_stack": false, "input_fields": ["time_feat", "feat_dynamic_age", "feat_dynamic_real"], "output_field": "time_feat"}}, {"__kind__": "instance", "args": [], "class": "gluonts.transform.split.InstanceSplitter", "kwargs": {"dummy_value": 0.0, "forecast_start_field": "forecast_start", "future_length": 96, "is_pad_field": "is_pad", "lead_time": 0, "output_NTC": true, "past_length": 1114, "pick_incomplete": true, "start_field": "start", "target_field": "target", "time_series_fields": ["time_feat", "observed_values"], "train_sampler": {"__kind__": "instance", "args": [], "class": "gluonts.transform.sampler.ExpectedNumInstanceSampler", "kwargs": {"num_instances": 1.0}}}}]}}
