{"__kind__": "instance", "args": [], "class": "gluonts.model.deepar._network.DeepARPredictionNetwork", "kwargs": {"cardinality": [1], "cell_type": "lstm", "context_length": 105, "distr_output": {"__kind__": "instance", "args": [], "class": "gluonts.mx.distribution.student_t.StudentTOutput", "kwargs": {}}, "dropout_rate": 0.1, "dropoutcell_type": "ZoneoutCell", "dtype": {"__kind__": "type", "class": "numpy.float32"}, "embedding_dimension": [1], "history_length": 1114, "lags_seq": [1, 2, 3, 4, 5, 6, 7, 8, 47, 48, 49, 95, 96, 97, 143, 144, 145, 191, 192, 193, 239, 240, 241, 287, 288, 289, 335, 336, 337, 671, 672, 673, 1007, 1008, 1009], "num_cells": 47, "num_layers": 6, "num_parallel_samples": 100, "prediction_length": 96, "scaling": true}}
